{
    "name": "rwk-afmg",
    "title": " RWK Unofficial Azgaar's FMG Import",
    "description": "Import a map from Azgaar's Fantasy Map Generator into Foundry.",
    "version": "0.0.1",
    "minimumCoreVersion": "0.8.0",
    "compatibleCoreVersion": "9",
    "author": "Ethck & Snark (TheSnarky) + Rwk",
    "esmodules": ["/main.js"],
    "styles": ["/css/map.css"],
    "languages": [
        {
            "lang": "en",
            "name": "English",
            "path": "lang/en.json"
        }
    ],
    "url": "https://github.com/QuantumBob/rwk-afmg",
    "manifest": "https://github.com/QuantumBob/rwk-afmg/releases/download/0.0.1/module.json",
    "download": "https://github.com/QuantumBob/rwk-afmg/releases/download/0.0.1/module.zip",
    "dependencies": [
        {
            "name": "pin-fixer",
            "type": "module"
        },
        {
            "name": "lib-wrapper",
            "type": "module"
        }
    ]
}
